"max_move_speed","max_walk_speed","camp_move_chance","conflict_move_chance","default_move_chance","camp_weight","conflict_weight","err"
0.977172608487308,0.741589221172035,0.0817719979677349,0.747423469321802,0.0990656274370849,0.271843154216185,0.706808245740831,0.70590422687402
0.630456820596009,0.103027142351493,0.0520210871472955,0.981973838759586,0.986206068191677,0.682640468236059,0.607614050852135,0.749842131240254
0.754571888130158,0.834471961949021,0.363659129245207,0.268354290397838,0.00276267249137163,0.144582678331062,0.271463297540322,0.653232733531193
0.599271392915398,0.435987478587776,0.411448929458857,0.806081497343257,0.0874203047715127,0.145726972725242,0.714205995900556,0.671543636923011
0.612909089773893,0.633928288007155,0.906760634155944,0.612379695521668,0.023187767714262,0.61992517625913,0.720210699131712,0.747807793083812
0.446651402162388,0.750257993349805,0.630945920012891,0.896030141040683,0.268606033176184,0.834439477650449,0.411327804904431,0.751132003489559
0.0222580141853541,0.40957477199845,0.0769137979950756,0.634900089353323,0.675997073529288,0.360192159656435,0.587527639931068,0.718147701403363
0.0437945427838713,0.352542186388746,0.758491843240336,0.0694967955350876,0.512376575032249,0.244276405312121,0.525740104028955,0.696012851050231
0.212405191734433,0.402706796070561,0.253260944504291,0.996957259718329,0.08105484303087,0.493750162655488,0.946532081114128,0.741182748536444
0.729165019700304,0.422178892418742,0.592548138229176,0.180732561973855,0.627192394109443,0.267011407297105,0.625942028127611,0.703298901601335
0.531562929740176,0.278365423902869,0.86866541323252,0.0845397512894124,0.0271913362666965,0.936071978183463,0.459620553068817,0.757635430842767
0.373855263693258,0.441216909559444,0.215054786298424,0.432598111452535,0.155967387836426,0.236650299048051,0.905661596916616,0.700660321983259
0.058158908970654,0.435954965651035,0.634392748586833,0.939135549589992,0.210951484041288,0.387493040412664,0.367252415511757,0.7144231510491
0.60939055099152,0.000736690824851394,0.793893763097003,0.959576164139435,0.339731004321948,0.3832785745617,0.878076603403315,0.726911678194178
0.231454260414466,0.846263216109946,0.0423806104809046,0.4226515928749,0.376353692961857,0.685502776643261,0.213173061609268,0.731668589525895
0.595488383201882,0.018848939333111,0.51053991005756,0.470851867226884,0.658997711958364,0.589554733829573,0.63516519148834,0.743579657429761
0.947920608567074,0.415531597333029,0.167143769329414,0.826692924834788,0.185690890531987,0.584958434104919,0.503862414974719,0.739777368597538
0.182187719736248,0.0281293753068894,0.118929024320096,0.620618922403082,0.253738025436178,0.256148365559056,0.304939353140071,0.687219166646408
0.0621692198328674,0.926953021204099,0.968122435966507,0.7141445314046,0.489929092815146,0.122516167117283,0.428367902059108,0.65486517866624
0.621221935609356,0.354233645368367,0.991668117465451,0.138965058838949,0.313184626400471,0.951538597000763,0.484436147846282,0.759300503731689
0.32709226058796,0.300397267332301,0.272009653039277,0.74371926416643,0.00432327669113874,0.730349872494116,0.5646649338305,0.751757279775791
0.107629245147109,0.560735951643437,0.145973637001589,0.931555034592748,0.896396855358034,0.599827171070501,0.878179447259754,0.749904195913165
0.711114231497049,0.133000636007637,0.0827868906781077,0.282417261274531,0.185348934028298,0.752647386165336,0.901815939461812,0.758947458743766
0.458246590569615,0.63980375463143,0.253902794094756,0.331854592077434,0.44369762763381,0.154951905133203,0.857486686436459,0.676297889533937
0.613688450539485,0.519696826580912,0.0480664481874555,0.840389571851119,0.0299966123420745,0.0569804003462195,0.764424719847739,0.626215264166068
0.454010951565579,0.200874797767028,0.782336807111278,0.699241613503546,0.373922824161127,0.374958068365231,0.501552805770189,0.718757946919545
0.782395689049736,0.734737450722605,0.969410790596157,0.775730593129992,0.840811953414232,0.549657409079373,0.73293782165274,0.742075459435655
0.696587182115763,0.613061436219141,0.908215828007087,0.0941571251023561,0.870496492600068,0.711740602040663,0.326425140257925,0.740696863845462
0.589717611204833,0.121150186751038,0.939323279773816,0.333934910595417,0.330827134195715,0.40120802889578,0.430590390693396,0.718539727946094
0.353529803687707,0.6483316028025,0.132634171983227,0.535332778934389,0.507425282848999,0.942749523324892,0.785623912699521,0.765743368190041
0.0275114623364061,0.0828227282036096,0.449565709801391,0.0528571859467775,0.369069440988824,0.302517951698974,0.631297999294475,0.709984457042689
0.636667868122458,0.723674906650558,0.653173886239529,0.391683466499671,0.948342880234122,0.880538519239053,0.202700985362753,0.741966127009466
0.441334998700768,0.679025303106755,0.0666287117637694,0.254825444193557,0.611033274792135,0.744306946406141,0.113597132731229,0.728332617743679
0.870379511266947,0.186200934229419,0.271797312889248,0.276482940185815,0.726121941348538,0.444930077064782,0.395743825240061,0.722263969934992
0.106040674028918,0.399893145076931,0.903139374917373,0.557355159427971,0.391615906264633,0.575331783853471,0.573916740249842,0.741433649567632
0.125799181172624,0.586193439317867,0.0605128733441234,0.107638893881813,0.652991039911285,0.0419165792409331,0.0599606153555214,0.586413008729634
0.683974942658097,0.741352292010561,0.70669908891432,0.760654976125807,0.557302108267322,0.505489886039868,0.216795949265361,0.718067486532153
0.266243109013885,0.995730341412127,0.710136220324785,0.604662856087089,0.562508035684004,0.487322281813249,0.388011083705351,0.726634076683643
0.405994166154414,0.766551541164517,0.293093187035993,0.739937014877796,0.298677449580282,0.448723150417209,0.522821930935606,0.728608894448609
0.751656207023188,0.799386264756322,0.0753586951177567,0.269309191033244,0.357624865835533,0.0282346890307963,0.621888008667156,0.601909337543183
0.753080013906583,0.457946146139875,0.193017263198271,0.175075966399163,0.341662893071771,0.325569641776383,0.789575155824423,0.716981133279541
0.32298241648823,0.518956282176077,0.999978537205607,0.264288557460532,0.183726731687784,0.329050027532503,0.29539822647348,0.700846295889113
0.578463341575116,0.471481945132837,0.669188042869791,0.124951329315081,0.732938440516591,0.990580593468621,0.751338155241683,0.766405684574506
0.599455200368538,0.636059177806601,0.470100090373307,0.904599264496937,0.781660646898672,0.0242288690060377,0.481284845853224,0.59634831195806
0.639874610584229,0.3849223672878,0.781425081891939,0.209590131882578,0.0400026827119291,0.401823739986867,0.0025532990694046,0.684020975198726
0.442891818005592,0.532716769957915,0.495266844751313,0.749861290911213,0.787202196428552,0.494841313688084,0.169234729139134,0.715048791549008
0.971933267312124,0.38280293229036,0.0613147900439799,0.726475201779976,0.953149280976504,0.5807874284219,0.435562836937606,0.737350399033891
0.117918548407033,0.159475210122764,0.860747979488224,0.241924840724096,0.976457690820098,0.940310217672959,0.889217175077647,0.768050788238529
0.142987804720178,0.740280114114285,0.755859273485839,0.15029071457684,0.141497595235705,0.529305745847523,0.207596534863114,0.71746578586876
0.11642633844167,0.74474073224701,0.599117897450924,0.835298562189564,0.0658883485011756,0.975432656239718,0.808305137557909,0.76802095122952
0.182415827177465,0.603562727570534,0.694685789057985,0.00311505189165473,0.729056969983503,0.331886081257835,0.00110582960769534,0.673830451468329
0.944589593680575,0.563945160713047,0.726421211613342,0.917762799886987,0.813912118785083,0.491270732367411,0.274954274296761,0.720155411709092
0.965156935155392,0.251839881995693,0.598249451024458,0.947484446689487,0.940593130886555,0.406510867876932,0.922303042374551,0.730565881790034
0.121598465833813,0.430598941864446,0.371129118604586,0.270963194780052,0.444797114701942,0.462811812991276,0.472702910425141,0.726071346449122
0.507477238541469,0.437927558319643,0.539066937519237,0.0440098310355097,0.603730265749618,0.99941762490198,0.214241039706394,0.7473341213266
0.587773948442191,0.776029859902337,0.503052367130294,0.501640464179218,0.479340272722766,0.746758098248392,0.365065081976354,0.744433276375154
0.262176577700302,0.697200089460239,0.0586548743303865,0.0229222432244569,0.517614661948755,0.0223992462269962,0.358006529510021,0.590444805181793
0.156599479261786,0.0672259568236768,0.954769623000175,0.104060795390978,0.257876532385126,0.585464162519202,0.566384239587933,0.741341251631632
0.36179952416569,0.664188168942928,0.915681821061298,0.368448517518118,0.786317361518741,0.528375572990626,0.109194896649569,0.711788852732323
0.751638541463763,0.639224236831069,0.773143880767748,0.984360080212355,0.116500568110496,0.554312125779688,0.992198181105778,0.747387705503462
0.887190387118608,0.118067719740793,0.403670171275735,0.300720737082884,0.694319419329986,0.392270625336096,0.26340443524532,0.708034203750538
0.186875781044364,0.899938465561718,0.98252774705179,0.0905960770323873,0.839297147002071,0.640624193707481,0.945359650533646,0.753073948231819
0.0869547894690186,0.453561512753367,0.344589888583869,0.239841766189784,0.449632071889937,0.524953198852018,0.454286499181762,0.732940852917734
0.815374981844798,0.321819579228759,0.328345250571147,0.443158526206389,0.13708658167161,0.183631618274376,0.77685036091134,0.68547543895066
0.436956468271092,0.291490167379379,0.328700971091166,0.580795589601621,0.530319730285555,0.621868684422225,0.692611273610964,0.747898273786819
0.370933055412024,0.631395753473043,0.264662096044049,0.835789198987186,0.758166062179953,0.843247222015634,0.847615635953844,0.76312790910966
0.630838941782713,0.455456509022042,0.202319895615801,0.762025956762955,0.848720989888534,0.571526700165123,0.0995560658629984,0.71486230957245
0.342503226129338,0.567944887792692,0.653483499307185,0.234726037131622,0.807492853840813,0.23732793959789,0.841028208378702,0.700709711282945
0.357711534481496,0.551778231281787,0.189325026469305,0.396563404938206,0.344410336576402,0.76216057036072,0.314858754631132,0.74293916652194
0.792458083480597,0.204317680327222,0.955359878251329,0.267187325516716,0.817159692989662,0.390559900319204,0.0515982289798558,0.689338598781019
0.444873866857961,0.605679418891668,0.0527549409307539,0.0884341059718281,0.336112376302481,0.932177361799404,0.524214641656727,0.758645008399281
0.644647590117529,0.921708054374903,0.365472609642893,0.850937884766608,0.827850200003013,0.385641252389178,0.123519361484796,0.697594463938451
0.45167737128213,0.732911915518343,0.189906465355307,0.0808245774824172,0.480958444532007,0.679614028194919,0.327011838788167,0.739193629746824
0.108475996879861,0.467233668779954,0.000958923017606139,0.740686279488727,0.0809996270108968,0.535629921825603,0.770387414144352,0.743457519510247
0.842833709903061,0.828882595291361,0.318690470419824,0.992996033281088,0.709709520218894,0.44679476134479,0.167124448576942,0.708382795047489
0.0285272542387247,0.439727294957265,0.357914399122819,0.153617148287594,0.0783753413707018,0.472149884793907,0.773063858971,0.736882614856617
0.182499824324623,0.398334195371717,0.639954837737605,0.726854383479804,0.414551959140226,0.0197296540718526,0.135225536534563,0.577742121326848
0.158362760441378,0.184421633370221,0.755636550020427,0.41436123335734,0.60635165986605,0.0624376782216132,0.255855029216036,0.612669801370538
0.635630531236529,0.807111129630357,0.529048128752038,0.7991808578372,0.394767693476751,0.698846187908202,0.250503573101014,0.734236123348769
0.689932603389025,0.79845680994913,0.512869630008936,0.324414514238015,0.0401985510252416,0.77208333206363,0.58397393906489,0.754641443387451
0.0117208359297365,0.777917493134737,0.0910633911844343,0.622320171445608,0.73093945090659,0.552254638867453,0.715947077376768,0.74039546062797
0.274215128505602,0.31572551256977,0.891748658148572,0.946080318186432,0.324807840865105,0.98787611653097,0.0477225941140205,0.731861605034542
0.139573924709111,0.425690891919658,0.890060607809573,0.593502340605482,0.600566201843321,0.654580822912976,0.764172026189044,0.751472718157267
0.6044437806122,0.084031521808356,0.980148051166907,0.554246180457994,0.933839495060965,0.375059306621552,0.295545634115115,0.707141586127025
0.0135944939684123,0.544281121809036,0.089763906551525,0.298079741420224,0.67626095097512,0.25132362334989,0.670276454184204,0.700342314320242
0.399671881226823,0.0160768856294453,0.794301151763648,0.309433249523863,0.401055934373289,0.359024422708899,0.723663642304018,0.721173323761919
0.170789839234203,0.684422101592645,0.0554290278814733,0.588071383535862,0.0935464771464467,0.0902761670295149,0.518905150005594,0.643253402909268
0.1517981486395,0.0172945344820619,0.216715819435194,0.675151908304542,0.0602823125664145,0.425344763789326,0.444156258367002,0.722994722271824
0.701327096670866,0.412413047160953,0.0367429049219936,0.288150785025209,0.172832585172728,0.119093098677695,0.521508673904464,0.655717045705882
0.263915268238634,0.107860549818724,0.0859435582533479,0.862993746763095,0.0869322242215276,0.791079200571403,0.950083641335368,0.761670364793031
0.23703454900533,0.69127561012283,0.175941845402122,0.692276772810146,0.642469370737672,0.630191746167839,0.282613676507026,0.731904131342404
0.884958783630282,0.552630446851254,0.608259562402964,0.978177348850295,0.325134391197935,0.811393349431455,0.548832625849172,0.756096346462294
0.748839085455984,0.836382608860731,0.842904753517359,0.656523650279269,0.425193252274767,0.419109650887549,0.659371874295175,0.727494208595449
0.68875717301853,0.0295118312351406,0.594844504725188,0.950736024649814,0.818872974952683,0.282868997193873,0.614560143789276,0.707183348679024
0.12192048993893,0.125591531628743,0.272944472497329,0.592073071049526,0.776418890338391,0.32938817772083,0.690669568721205,0.716252607930279
0.069648478878662,0.283174423966557,0.896033794619143,0.61626229993999,0.360198396490887,0.556879578856751,0.624372819671407,0.741282909685563
0.997427792055532,0.183387429686263,0.653672134270892,0.679706794442609,0.830979824298993,0.886306767119095,0.439403490861878,0.754684402232044
0.0878287905361503,0.904059466440231,0.912336888024583,0.879150507971644,0.917018700623885,0.743710311595351,0.601023892639205,0.75427903265904
0.593848308315501,0.537787296809256,0.402576091932133,0.990891546942294,0.470542650669813,0.913422372424975,0.581839912803844,0.760277822014544
0.538509522331879,0.0738365489523858,0.878355742665008,0.475555040640756,0.418350125430152,0.432147944578901,0.030993026914075,0.691142060861142
0.396987178595737,0.648711513262242,0.590749883558601,0.16116207302548,0.336435707984492,0.0258659212850034,0.44774869014509,0.596350286017222
0.0547276183497161,0.0855450707022101,0.0356702180579305,0.831497792853042,0.965760058257729,0.456806940725073,0.116095043951645,0.704689392201158
0.907220772001892,0.445029831491411,0.875791826983914,0.910335900494829,0.666050388943404,0.483614970231429,0.0151694398373365,0.697065715621553
0.0730732842348516,0.110368435503915,0.721999446395785,0.305131567176431,0.281703319167718,0.662499690894037,0.572492690291256,0.747176516755611
0.459110081894323,0.575806086882949,0.717059657210484,0.665845730807632,0.869911234593019,0.999103388749063,0.0588023769669235,0.735303548581446
0.0327227097004652,0.701572215650231,0.163796668639407,0.19072176143527,0.770752885611728,0.231293383752927,0.758815710432827,0.698275277618337
0.257928465493023,0.877472086576745,0.966830826597288,0.114838341251016,0.964828729396686,0.0316451247781515,0.069987160153687,0.580197301523901
0.999559223884717,0.994625710183755,0.332289698999375,0.89243737491779,0.711935172788799,0.17484594671987,0.399417603621259,0.67275852673145
0.761567913694307,0.630160529632121,0.584082076791674,0.613912450382486,0.49048494710587,0.0844006419647485,0.93332801759243,0.644670681824972
0.31066528824158,0.348253105534241,0.0215321402065456,0.993437566095963,0.185375836445019,0.924513587029651,0.316624422091991,0.750048068816058
0.943657025694847,0.649535994278267,0.368830533465371,0.758782991906628,0.900289358804002,0.520514596020803,0.111929888604209,0.711157708435288
0.477245314046741,0.886806670110673,0.616482406388968,0.838199392426759,0.245402204338461,0.823949105339125,0.223972026258707,0.740009001802435
0.761840799124911,0.0687692186329514,0.301925779785961,0.411190123064443,0.625196595443413,0.614001646870747,0.118432318791747,0.718905422363088
0.800050770863891,0.675484110135585,0.280575644457713,0.793967534555122,0.244013793999329,0.620614066720009,0.498532833065838,0.741684360065591
0.401942195603624,0.596941612893716,0.0145547343418002,0.0529791268054396,0.451796057866886,0.231793241808191,0.81972384522669,0.699108254755258
0.58495917590335,0.691174277570099,0.853962175780907,0.42533796839416,0.0750629326794297,0.338168696966022,0.273247590754181,0.701052202856517
0.0326981609687209,0.507455987390131,0.241073571145535,0.964487235760316,0.0660388274118304,0.585556376492605,0.844355216016993,0.747442356925221
0.261188298696652,0.698290713597089,0.74395532393828,0.666356471600011,0.168436112813652,0.0577320563606918,0.35288341762498,0.617337722118627
0.481315484968945,0.697834200691432,0.161051651695743,0.00362797360867262,0.858952948823571,0.690020224545151,0.345311664510518,0.739724372929929
0.770156044280156,0.688744751969352,0.374259695177898,0.427321048919111,0.793533964781091,0.387514974921942,0.400323495967314,0.715767790469479
0.199931982206181,0.931568488012999,0.14297567633912,0.435125212650746,0.992475579492748,0.220217727357522,0.892555966041982,0.696630151093915
0.559624312911183,0.617276938166469,0.438058863859624,0.896836366504431,0.159557090839371,0.296618058811873,0.833186264615506,0.713696085117825
0.329915221547708,0.0354893121402711,0.644548216369003,0.531525998841971,0.613935095956549,0.807191541651264,0.302594622829929,0.743817624408661
0.972114556003362,0.434204956050962,0.371228711679578,0.793022172525525,0.524844914209098,0.830560427391902,0.112515969434753,0.734280465425588
0.759071602253243,0.44986954680644,0.0178652787581086,0.382765381829813,0.972927727736533,0.294748484622687,0.11728429235518,0.682736823532708
0.849646013928577,0.14180125715211,0.269235296174884,0.702499894658104,0.00139093236066401,0.579653599997982,0.0786957237869501,0.711199337210439
0.603823470883071,0.0266751395538449,0.399717201013118,0.798834117827937,0.415238114539534,0.449115445837379,0.989308801013976,0.736421820841282
0.413216807879508,0.505848673405126,0.861742065520957,0.695313138654456,0.894247232936323,0.504743752069771,0.00325007759965956,0.69722873390679
0.786254180362448,0.918455770704895,0.834292308660224,0.122095024678856,0.109283401397988,0.134378135902807,0.664662904804572,0.666661952865337
0.499982428038493,0.669267443241552,0.257809069938958,0.99827088881284,0.834343057591468,0.658412153599784,0.694853752618656,0.750046519518603
0.896010826341808,0.901580130914226,0.153492946643382,0.758944510947913,0.86439081421122,0.134166811127216,0.183714942540973,0.646526200135969
0.566859326791018,0.722194749163464,0.876054543070495,0.503416799940169,0.393083672039211,0.0224020222667605,0.953780399868265,0.597868951068609
0.327225036453456,0.398492702515796,0.673119223443791,0.194294380955398,0.883726760512218,0.88636305462569,0.680067542009056,0.761439186770193
0.870225502178073,0.283998036989942,0.71235435269773,0.981662485748529,0.0112554593943059,0.592710164375603,0.11021522898227,0.717684826484576
0.743694935692474,0.776192490477115,0.689663695404306,0.396561722969636,0.518744464963675,0.664857484400272,0.521907824790105,0.74658119149925
0.410015219124034,0.246890372829512,0.42248725425452,0.561069208895788,0.908613788196817,0.837096841074526,0.810975424479693,0.761980915312464
0.919998606666923,0.804332438623533,0.315306765493006,0.569928782759234,0.554147772490978,0.263879249338061,0.0223217371385545,0.663237073123864
0.90955908014439,0.18264300446026,0.525562522001565,0.985396913252771,0.944438515463844,0.311545527772978,0.0506515542510897,0.67757039004085
0.55260359775275,0.84329840936698,0.0499723330140114,0.393703484442085,0.558852447429672,0.285886246245354,0.0122238914482296,0.667339375591101
0.132065333425999,0.615919855190441,0.13337070401758,0.297522315289825,0.69298443198204,0.350206945789978,0.446578646777198,0.711933366424773
0.384990291437134,0.464389014989138,0.53209129255265,0.244102231459692,0.482684621354565,0.471265616826713,0.558254921343178,0.731917018983996
0.925744382431731,0.78175990912132,0.826732668327168,0.870023794705048,0.253594828536734,0.663740745512769,0.475055149756372,0.7444258133927
0.447872452437878,0.643715542042628,0.990520827705041,0.828938725637272,0.591211895691231,0.704711155267432,0.174004723783582,0.730322462303431
0.180362155893818,0.491024892544374,0.468665272230282,0.730273834429681,0.809514083433896,0.794451371766627,0.498652979033068,0.753778520984857
0.665122099919245,0.755095053231344,0.840928004821762,0.877919119782746,0.00196325103752315,0.799228571355343,0.0245736800134182,0.72059054983985
0.0933486262802035,0.593171789078042,0.378005179576576,0.998402403434739,0.202556617092341,0.468385980697349,0.176836799364537,0.711882120214813
0.66710370592773,0.342259295051917,0.722790951142088,0.949954309733585,0.46969128632918,0.63029137137346,0.44655782636255,0.741729601670477
0.175805751001462,0.239968839799985,0.173792871413752,0.354109954321757,0.733669334324077,0.484291186789051,0.988573556300253,0.740692861643927
0.142619583988562,0.0111370109952986,0.63632731186226,0.141307209152728,0.961336736800149,0.930623097578064,0.843901232816279,0.765990948200643
0.92905494873412,0.283544990932569,0.136360432719812,0.0949263097718358,0.265337833436206,0.117019386496395,0.371221794513986,0.648567534203598
0.171623038128018,0.609938555397093,0.154586158460006,0.37824744428508,0.10730591788888,0.736147579969838,0.163029367104173,0.732577751191953
0.211234206799418,0.770906520308927,0.292569830315188,0.0701407846063375,0.33968333248049,0.624100426211953,0.697808676864952,0.747188504826642
0.993369057774544,0.746676424983889,0.610218435525894,0.94816802884452,0.690451350761577,0.0779036842286587,0.290309510659426,0.625717402558419
0.566636270610616,0.434263417497277,0.643952334532514,0.4047927018255,0.233098037540913,0.562532670563087,0.318826504051685,0.729978657069223
0.879064332228154,0.550459479214624,0.633699770551175,0.638676443137228,0.0667997682467103,0.948626098455861,0.327076668618247,0.751770401308651
0.959446661872789,0.0616668318398297,0.60158503218554,0.981780818430707,0.159396991366521,0.911414708942175,0.973681668518111,0.767005454754293
0.294922641478479,0.368764190701768,0.546150132082403,0.294233897468075,0.406766969943419,0.559094539145008,0.788881007116288,0.745089556828818
0.113016249146312,0.507181820226833,0.37961043138057,0.783742733998224,0.248047368833795,0.344419802539051,0.896093947580084,0.72136777068532
0.112893016543239,0.768080565379933,0.113194772507995,0.00771388318389654,0.825588888255879,0.73224052391015,0.998002005973831,0.759498034402202
0.343388582812622,0.589249161770567,0.0949229681864381,0.254959261510521,0.985241534654051,0.0961788401473314,0.914919791743159,0.651869166169625
0.197606193134561,0.796135959913954,0.615419925190508,0.284692576853558,0.832120325416327,0.871072468347847,0.400443571619689,0.752893723708202
0.382809391012415,0.341263799695298,0.910123598761857,0.178185576805845,0.0363914060872048,0.309831226244569,0.207399957580492,0.691396361431079
0.118883501039818,0.31408323161304,0.694367642980069,0.450529866386205,0.50237272772938,0.417551105609164,0.106016651494429,0.699913274782024
0.774943470489234,0.143915768712759,0.902582460315898,0.273645394714549,0.231862259563059,0.274158693151549,0.787259445525706,0.707564368058805
0.4464817030821,0.65447147982195,0.248791044577956,0.350143055198714,0.161069743800908,0.717824407620355,0.0119949469808489,0.716262129736327
0.841842408524826,0.588586652651429,0.153614337090403,0.13718619174324,0.417059954954311,0.306609900202602,0.259732989827171,0.694444848571624
0.331585289211944,0.882645518053323,0.0790086307097226,0.776458024512976,0.429493319476023,0.461559341987595,0.820085569284856,0.73605926856359
0.362887545023113,0.0998437765520066,0.523785174824297,0.121732286643237,0.577584887156263,0.948109520366415,0.734079555841163,0.765197497014681
0.400682928971946,0.598185086157173,0.159002645639703,0.178980953060091,0.526773487217724,0.00503848004154861,0.49380005011335,0.578295681191507
0.175445863977075,0.855767744127661,0.118272488471121,0.638086132472381,0.829276603646576,0.222682177787647,0.0102391582913697,0.654814723422285
0.466388751519844,0.174394439673051,0.689304997213185,0.642072502989322,0.562660465948284,0.978289814665914,0.500129280844703,0.760365855303367
0.632693452294916,0.33498718473129,0.206546012079343,0.868078833678737,0.651905194390565,0.545143166091293,0.215927607845515,0.720741323578544
0.525602325098589,0.898442140780389,0.989658135222271,0.857142126187682,0.688063336070627,0.281066480325535,0.378631285158917,0.697494527677873
0.0759291122667491,0.12902323785238,0.19993718364276,0.222314681624994,0.544801657088101,0.0754772482905537,0.977699976414442,0.639817237823679
0.0568476275075227,0.203345279907808,0.596490861149505,0.862783841090277,0.906302369199693,0.237489694729447,0.120170189766213,0.66920451977245
0.414620897499844,0.0120735326781869,0.679735173238441,0.943672757362947,0.116764199687168,0.4938850174658,0.741195290815085,0.738045706012221
0.620965798152611,0.198545582592487,0.673076023813337,0.0959090054966509,0.573199669132009,0.674850947922096,0.342134967213497,0.739284678649354
0.150892306817695,0.654550998937339,0.891499466262758,0.384243327192962,0.0952333812601864,0.121853577671573,0.148052742006257,0.637094095653136
0.834339515073225,0.57051096833311,0.13403880270198,0.431571105029434,0.777431582566351,0.738954680040479,0.193635460920632,0.73440214120349
0.493506709113717,0.412170808296651,0.0220286108087748,0.63110862695612,0.999068915611133,0.646856948500499,0.996324694948271,0.754107125774997
0.299535403260961,0.15828091208823,0.540770621504635,0.107084811199456,0.183866252191365,0.551613637711853,0.969379086978734,0.747757393494444
0.888544453773648,0.0203997832722962,0.288664003834128,0.353759482735768,0.423698912141845,0.684573480393738,0.388308579334989,0.742788261015305
0.690824995050207,0.407566983718425,0.885303715709597,0.739327507792041,0.713683040812612,0.278272096766159,0.704326432896778,0.707208025959988
0.529047596268356,0.512228656793013,0.36762606468983,0.733938299119473,0.676371854962781,0.0831238413229585,0.615366043988615,0.641707447513769
0.187744405586272,0.807950662914664,0.279968166723847,0.948306825710461,0.146871349774301,0.422934780362993,0.109454944031313,0.701617071749602
0.787695361999795,0.613508184207603,0.737116010393947,0.647154802223668,0.592989071272314,0.0070943736936897,0.224547619232908,0.56878685493974
0.856991745531559,0.0924044388812035,0.221421149559319,0.987441960955039,0.853200293611735,0.226646963274106,0.707713906886056,0.696000992806947
0.0940073919482529,0.947521907975897,0.84489145479165,0.331728611374274,0.558192986994982,0.165111476089805,0.056368398712948,0.643201681794584
0.0804782330524176,0.0532661334145814,0.690301642753184,0.091972098685801,0.279013459105045,0.929551464971155,0.913061302853748,0.767295664847102
0.443324147257954,0.194623150629923,0.581041465746239,0.737206603167579,0.559799819719046,0.499478197423741,0.631850301055238,0.736558531655635
0.591990772634745,0.384747493546456,0.0986117487773299,0.290043686982244,0.45718844467774,0.870364670176059,0.111657199217007,0.736504858304068
0.0189061439596117,0.310408395947888,0.651990157319233,0.378331175772473,0.893261898774654,0.00627949484623969,0.384872257709503,0.574405758241075
0.0630053305067122,0.592412081547081,0.225746576208621,0.260999401332811,0.587893594289199,0.772394887171686,0.418590115383267,0.749891096497302
0.686317671323195,0.518888411810622,0.971569113899022,0.972287062555552,0.00871357717551291,0.524428241886199,0.0472402912564576,0.704977334639735
0.806801226688549,0.396805863361806,0.966298992512748,0.244756988948211,0.653257134137675,0.239535155007616,0.228495522402227,0.677320436797147
0.204615437891334,0.0598260085098445,0.478223503567278,0.0976905913557857,0.521915387129411,0.142813658108935,0.993621267843992,0.673172165321147
0.703483370132744,0.612202224321663,0.867735947249457,0.608641842147335,0.549858538899571,0.834169780137017,0.661039425060153,0.758984087380173
0.408194403862581,0.497267182217911,0.664592027664185,0.834627114003524,0.796639790059999,0.479142463998869,0.757110477890819,0.736745471839933
0.15394377312623,0.913454819936305,0.440904012182727,0.741061763605103,0.328390298876911,0.855554132256657,0.262715158052742,0.744343554826174
0.56554306158796,0.560600129887462,0.969747407594696,0.951152929803357,0.499888338148594,0.015373864909634,0.929215295938775,0.59285423243021
0.1410530381836,0.519937587203458,0.192767199361697,0.600551401497796,0.820711025735363,0.578352266922593,0.928196515887976,0.746894085583579
0.108601411804557,0.111744647379965,0.0247394763864577,0.777567182900384,0.134345062309876,0.12657994357869,0.336321457987651,0.650070328645925
0.495905192103237,0.853016400011256,0.875960868084803,0.121154892956838,0.334286538651213,0.777463953476399,0.920022050151601,0.76134046203692
0.420416831737384,0.838432163000107,0.843235926935449,0.388109696330503,0.719914129935205,0.079428049037233,0.300516987917945,0.626501109537517
0.583050466608256,0.463106220820919,0.474777491763234,0.148632246535271,0.301112908637151,0.775338809471577,0.368099125800654,0.746972910754743
0.44308020058088,0.503914169734344,0.110606500646099,0.339344601379707,0.582544799428433,0.72078264481388,0.76203836989589,0.754421486799853
0.088267327984795,0.523116477066651,0.926741825882345,0.149917217204347,0.756296355742961,0.297079472104087,0.239320105407387,0.690911010060347
0.181590031366795,0.265760093228891,0.653773224214092,0.199700419325382,0.578172056237236,0.1730718575418,0.741346752038226,0.682242810787589
0.342306736158207,0.956059064250439,0.86495326156728,0.527289524441585,0.588544692378491,0.586548131657764,0.735606539295986,0.745419871832441
0.20615396881476,0.893258130177855,0.727683304809034,0.25524190440774,0.888444990152493,0.220530243124813,0.427109217038378,0.687326109074472
0.999330483144149,0.388091141590849,0.738345206482336,0.287446803413332,0.762748972745612,0.787923210533336,0.736733634024858,0.758754810851375
0.529783902456984,0.0539461416192353,0.138381838100031,0.846952202962711,0.889130941592157,0.667682408588007,0.295258244033903,0.735956105356683
0.548285590019077,0.0791388943325728,0.907604154199362,0.71266280231066,0.311040371423587,0.946065904339775,0.658620309783146,0.762973671293942
0.314435005187988,0.147656253771856,0.823243544204161,0.238451029872522,0.914251726353541,0.992684437893331,0.980340330628678,0.77090166486959
0.273723145481199,0.112698835786432,0.602538790553808,0.476561955641955,0.529616859508678,0.421604179777205,0.155468972167,0.703854887398876
0.478130295872688,0.592106404947117,0.554803924867883,0.225306587992236,0.285039543872699,0.622763932682574,0.691347700776532,0.747710573326787
0.674697598675266,0.639293250394985,0.161555635044351,0.422031083842739,0.0375487422570586,0.919345041969791,0.052858943818137,0.730890442056388
0.0588097583968192,0.491649812553078,0.778784692287445,0.878507991554216,0.984230855479836,0.974768896121532,0.480498137883842,0.759201191600245
0.560691328253597,0.765482971910387,0.596578093711287,0.510082100052387,0.444187537534162,0.527375774923712,0.671937613515183,0.739916633296287
0.263585169101134,0.0278035539668053,0.456242135260254,0.754614150850102,0.614443313563243,0.73420933354646,0.519795778207481,0.751686308980847
0.719786436064169,0.23756688949652,0.87297300202772,0.32681005471386,0.624029600527138,0.780010963790119,0.56483628321439,0.754389782739015
0.00509692705236375,0.545152667909861,0.633486102567986,0.219373550731689,0.254591208416969,0.870484479004517,0.406911680009216,0.742702812885587
0.775340975727886,0.494346821447834,0.0354642525780946,0.786457004258409,0.906838885275647,0.972712208982557,0.714868613053113,0.765825478025998
0.586754664080217,0.0934543977491558,0.624349675141275,0.123859725194052,0.753493323922157,0.286312808515504,0.21023075398989,0.686724957458222
0.950717984931543,0.715449575800449,0.833441860508174,0.0811333963647485,0.0858423225581646,0.854934353847057,0.337275883648545,0.748640540108503
0.794343187008053,0.0991454750765115,0.892557985614985,0.703616417944431,0.820891601732001,0.73603450646624,0.133240619208664,0.730694596181124
0.319492070004344,0.91357329650782,0.791800575796515,0.168423267779872,0.69242505566217,0.687728357966989,0.550629671197385,0.749272139612369
0.846500660991296,0.240525701781735,0.731129223713651,0.976822091033682,0.398473137058318,0.229148065205663,0.451737289782614,0.689671393741657
0.359338950598612,0.45495414105244,0.863546381238848,0.438336838036776,0.724891916383058,0.294063377892599,0.521365685388446,0.706097331991896
0.797222141409293,0.0708525476511568,0.0555436487775296,0.548599593807012,0.276001351652667,0.542953136377037,0.234485041350126,0.721274168096646
0.74393569258973,0.669289193348959,0.551968618296087,0.318899079691619,0.37510655936785,0.206516687991098,0.647886010352522,0.689672792691053
0.79512623208575,0.118568834615871,0.809619120787829,0.70446997275576,0.736677446868271,0.179862750926986,0.200839113211259,0.66098325093089
0.928281641798094,0.34537457418628,0.198860066477209,0.665751778520644,0.116436952957883,0.689190115779638,0.419493549037725,0.744488888553626
0.966292554279789,0.662161107873544,0.721458908170462,0.662443172186613,0.818539060186595,0.30438107973896,0.731121393153444,0.713052355897217
0.559326404239982,0.448087171651423,0.415692687500268,0.950439714593813,0.408533985726535,0.0414344645105302,0.445446237223223,0.608126120642626
0.20832513901405,0.77613123995252,0.0897821146063507,0.0997260822914541,0.850456768646836,0.799955482361838,0.343995079165325,0.746487358389877
0.788748895283788,0.91898605087772,0.393753912299871,0.446149141760543,0.771228133700788,0.790673737647012,0.532494633225724,0.754313272135758
0.166525491280481,0.496643876889721,0.216926998458803,0.35786523972638,0.653034644201398,0.31321940314956,0.853631871053949,0.716821161910889
0.274389427388087,0.453594556311145,0.603979005012661,0.947898139012977,0.353663712274283,0.64136056159623,0.372595839900896,0.739084444272363
0.391974428668618,0.1202413123101,0.427899580681697,0.291237670462579,0.00323633360676467,0.835298613412306,0.347823918331414,0.74872534872034
0.952722428366542,0.996366727165878,0.565081360051408,0.938875091960654,0.527673863340169,0.74518467229791,0.109261325793341,0.72740518407715
0.456192415440455,0.10513975401409,0.00542217958718538,0.0421961648389697,0.5439921352081,0.543649960774928,0.36334150005132,0.730548095189341
0.764928743243217,0.183495982317254,0.0633378790225834,0.31636156141758,0.210045652696863,0.561254306929186,0.301468040328473,0.729500126237879
0.35088746715337,0.112211659783497,0.821997055318207,0.151381947332993,0.568210686091334,0.430491430219263,0.704175682971254,0.730388218020974
0.133043237030506,0.35328235430643,0.418390331557021,0.916161268483847,0.471195635851473,0.794632150558755,0.794134888797998,0.759940295897898
0.719807368936017,0.492587127489969,0.912208596942946,0.416811714880168,0.229109375039116,0.436654292279854,0.313996691489592,0.716894293342104
0.395382579881698,0.130427387077361,0.765186502831057,0.180987535743043,0.83073157351464,0.623356171883643,0.806959124980494,0.750552759992439
0.527029231190681,0.603903209324926,0.990420273737982,0.766401358181611,0.648598670959473,0.9880249009002,0.407465901458636,0.757986646536033
0.836345966905355,0.420797439757735,0.195276780985296,0.680884421803057,0.953749937936664,0.776692311046645,0.832194307353348,0.759901172330393
0.034371193498373,0.892034085001796,0.823701794724911,0.550833276472986,0.907399520510808,0.014032589038834,0.94322507805191,0.590107678495411
0.625065961154178,0.753644056851044,0.287391352234408,0.251247060485184,0.118482266087085,0.6627074603457,0.107473508920521,0.72168515755804
0.672877954784781,0.56567307584919,0.0702368181664497,0.138495002640411,0.712515589315444,0.462798589142039,0.946631882339716,0.738550229347366
0.491250225808471,0.0872018614318222,0.83150565228425,0.590190728660673,0.834888482000679,0.894464607117698,0.801531609846279,0.76444990042074
0.468460047850385,0.513926815474406,0.680663446430117,0.367408280959353,0.783586657838896,0.541515395510942,0.553573139244691,0.738459577811243
0.116461130790412,0.550123672699556,0.434702597092837,0.227127167396247,0.42503264779225,0.106799590168521,0.475165019975975,0.649634273984231
0.177705441834405,0.890984080964699,0.710813909070566,0.0802396580111235,0.713048345409334,0.990656322101131,0.92394542391412,0.769542535073468
0.833697956521064,0.0282087854575366,0.450111746555194,0.446482009254396,0.279569413280115,0.568324809195474,0.171951539581642,0.720175653386386
0.598743304610252,0.640302732121199,0.193667140556499,0.918352631153539,0.960125606507063,0.568081953329965,0.148563064401969,0.718435424645801
0.268572043860331,0.789673940744251,0.1584843324963,0.706047332612798,0.853199223289266,0.980328455334529,0.223489196971059,0.747902586935015
0.774889828637242,0.115840071579441,0.321566145401448,0.280083308694884,0.603055903222412,0.905122839845717,0.0266441681887954,0.727186004607465
0.930187160149217,0.968307290459052,0.873817278537899,0.56773419980891,0.243211010703817,0.303186258301139,0.397075559711084,0.702891525922945
0.664551424793899,0.188886356772855,0.754962725332007,0.0375096898060292,0.738578757271171,0.49948096438311,0.9971538183745,0.742561665576817
0.199829165823758,0.943429825361818,0.789093022700399,0.250075390562415,0.770443968940526,0.0865963250398636,0.329900831915438,0.631919460161399
0.724472611676902,0.513804473448545,0.488666924415156,0.339873177930713,0.431062582181767,0.90941338473931,0.260180509183556,0.745604373875337
0.151634709443897,0.12385275750421,0.149325720500201,0.398932654410601,0.226643016329035,0.918176657054573,0.240819612052292,0.745151453267892
0.0361520710866898,0.885824982542545,0.0360557700041682,0.21351674804464,0.122875472065061,0.865638814168051,0.321707232389599,0.748270028067345
0.16709644254297,0.0289798739831895,0.528368486091495,0.888134279521182,0.269093319075182,0.680463107069954,0.250675600487739,0.733963080813702
0.564336788607761,0.425306740915403,0.470086699584499,0.99898026091978,0.179025235818699,0.612387343076989,0.739014110993594,0.747990771153796
0.457339541520923,0.668716053012758,0.940194733208045,0.932941047009081,0.41045138402842,0.186585105955601,0.963557988638058,0.687241741432168
0.0654250520747155,0.927134361350909,0.926371108973399,0.326984360581264,0.281797057949007,0.538014638237655,0.651582731865346,0.739734305583479
0.565889316378161,0.756636753678322,0.280609027016908,0.879604186164215,0.708407720085233,0.915693398332223,0.795481022214517,0.765170857492363
0.647117896005511,0.835371864493936,0.587565639289096,0.398691354785115,0.22549617337063,0.918892375892028,0.716573113342747,0.764206716198834
0.19086660281755,0.234854292590171,0.550620393361896,0.13887959276326,0.199001954635605,0.151298655197024,0.714823859976605,0.674043092806715
0.737762943841517,0.991408328991383,0.0788076748140156,0.618940910091624,0.383188175735995,0.393992711091414,0.623219324741513,0.725440112903691
0.649030479835346,0.615692235762253,0.391309986356646,0.586070253746584,0.748653513379395,0.790330923628062,0.00697249942459166,0.7191482611599
0.562902657315135,0.887931895209476,0.436206355923787,0.253350967075676,0.195127022452652,0.217291577951983,0.198466663248837,0.670726562611924
0.343306996626779,0.81501007382758,0.660156400408596,0.337496184743941,0.324622170766816,0.342013671062887,0.248639655997977,0.699563785521416
0.554090948309749,0.482773137046024,0.904183668317273,0.260814584093168,0.247840409399942,0.482778391102329,0.146435443777591,0.71065910290211
0.997201689984649,0.850210708333179,0.0412899914663285,0.867660003248602,0.0744713807944208,0.0324793560430408,0.682691615540534,0.607513939724523
0.245929116150364,0.363895660731941,0.538898290600628,0.724555723369122,0.297276326455176,0.17259980738163,0.801628893008456,0.682207974990961
0.287630866048858,0.605373001424596,0.881558374036103,0.937833287054673,0.411345013417304,0.369546200381592,0.405878625577316,0.713752157445599
0.884017780190334,0.358032632386312,0.0932139975484461,0.469648296711966,0.910408613504842,0.134373461594805,0.500348618486896,0.662720185930903
0.58369342982769,0.639637921471149,0.908429535105824,0.823078321525827,0.917654257267714,0.988382511539385,0.0171958031132817,0.729786563884239
0.618972213473171,0.407045368803665,0.0619661812670529,0.26274229423143,0.170784980524331,0.673867590958253,0.491160052362829,0.745430711548952
0.56725940364413,0.840973387705162,0.249939978355542,0.877889108611271,0.521880114683881,0.109886709600687,0.0545476039405912,0.62287713387916
0.220967149129137,0.307784559903666,0.781156034907326,0.315842209616676,0.732480127364397,0.909856052137911,0.989424403524026,0.766626293865692
0.135253313230351,0.628475141478702,0.158598830224946,0.0626896074973047,0.297376913018525,0.58385299728252,0.0576498229056597,0.711190265565687
0.0809554937295616,0.148077795980498,0.442281988216564,0.117725613992661,0.00833441689610481,0.163583635818213,0.0526391991879791,0.64209260431729
0.716831424972042,0.613281643018126,0.86739925830625,0.141718519385904,0.620320248883218,0.338987981434911,0.0255802068859339,0.677445551027599
0.236337210517377,0.225716401590034,0.829093577805907,0.174731614300981,0.359631374711171,0.877048858208582,0.950975451618433,0.766629651423389
0.287415747763589,0.91965374792926,0.817991202464327,0.751897535054013,0.129583626752719,0.324780217371881,0.0545625686645508,0.680083261583183
0.25807894137688,0.745864929165691,0.143680145032704,0.666417645523325,0.894555370789021,0.336550123989582,0.932991020614281,0.720368240516841
0.843880465254188,0.648683821083978,0.44766424363479,0.610334045486525,0.556820074329153,0.963106067618355,0.143149337731302,0.740445134394855
0.720873064594343,0.173709155526012,0.385996003169566,0.457046149997041,0.0107981553301215,0.576840104535222,0.59087190637365,0.742466879262094
0.0431117119733244,0.450027865823358,0.786373216426,0.51427895273082,0.487461617682129,0.88186153373681,0.936098395613953,0.765286808629699
0.402761256787926,0.937124370830134,0.571939316578209,0.917914119549096,0.576055519282818,0.0857559535652399,0.402304706862196,0.635954208253824
0.699171661864966,0.591895597055554,0.806064668809995,0.164300005417317,0.466567387571558,0.986849260749295,0.321040347684175,0.753299851559415
0.965028719510883,0.938023365102708,0.881602233508602,0.905603191116825,0.775459387805313,0.89673544280231,0.42442494793795,0.75377264810064
0.417889616219327,0.981028290931135,0.366031461395323,0.955404296983033,0.89013759419322,0.24421423394233,0.996955776819959,0.704006683542161
0.290196944028139,0.810900760581717,0.784737398615107,0.805122609250247,0.181161089334637,0.632517151301727,0.476806549355388,0.744047681832192
0.107438873033971,0.580727614229545,0.0221058519091457,0.319657871499658,0.120191368740052,0.0272846429143101,0.358459260314703,0.59384990907516
0.0173253985121846,0.51225683093071,0.963352471590042,0.991613056743518,0.547061122721061,0.726822765078396,0.820387991843745,0.755903332885442
0.569813105510548,0.0963497362099588,0.807108435314149,0.382189626106992,0.591627719346434,0.401837609009817,0.976928295567632,0.731655457223807
0.468080008402467,0.31218726048246,0.34228378883563,0.349755575414747,0.660361628280953,0.760526495985687,0.406118073966354,0.746855009897665
0.21926932525821,0.0870147633831948,0.0151685075834394,0.280293035786599,0.0888129372615367,0.690224940422922,0.15330941719003,0.729318350251148
0.192239878932014,0.576645213412121,0.361539788544178,0.470872442936525,0.901535369688645,0.355576014146209,0.0669798795133829,0.685352178967433
0.792390548391268,0.631599763641134,0.315885139862075,0.0115867198910564,0.357581210089847,0.17436649883166,0.192808827618137,0.65875615182196
0.833314259070903,0.925741185434163,0.686853185063228,0.0753161730244756,0.293164605274796,0.183353521861136,0.838796178577468,0.686502139974915
0.00552347162738442,0.0540167370345443,0.808212530100718,0.619901936268434,0.775060421554372,0.929004987468943,0.701257510110736,0.752859729054309
0.966446068370715,0.390590158756822,0.622483704704791,0.492105414159596,0.655074340756983,0.604029736481607,0.829783787950873,0.748634742968924
0.868067609379068,0.478082769550383,0.255144089227542,0.109354157699272,0.830256823683158,0.290824780240655,0.538936115102842,0.70712277994436
0.703215434448794,0.500664587598294,0.0138023749459535,0.392906052758917,0.279635039158165,0.464143585879356,0.611430569319054,0.733461464978351
0.633907028241083,0.45557203120552,0.290665334556252,0.151014153147116,0.350772511446849,0.710660956101492,0.445344124455005,0.746844358874927
0.390038071898744,0.49115237314254,0.580743880942464,0.993245091987774,0.834136480698362,0.968769371975213,0.9621935156174,0.768832192205704
0.0857922716531903,0.00102675124071538,0.693171868799254,0.785634046653286,0.477250325959176,0.854143996722996,0.455182670382783,0.75454417615861
0.753033898305148,0.860696047311649,0.215961376670748,0.908249562373385,0.946362239075825,0.88170232786797,0.462925594765693,0.755402188411577
0.999330000020564,0.503828061977401,0.346544988686219,0.893347266595811,0.650799562688917,0.919170476961881,0.223265157314017,0.744196934782509
0.908517296193168,0.145482771098614,0.985320328036323,0.869449544465169,0.781914503779262,0.571542288875207,0.271201703930274,0.72696953502618
0.447715089190751,0.737108522094786,0.890522766625509,0.553058330435306,0.24969228496775,0.980174915632233,0.687454718863592,0.765715768584191
0.626221141777933,0.785357342334464,0.241979777114466,0.0540808336809278,0.937808683374897,0.50910809985362,0.757448384305462,0.740066212820699
0.828082976164296,0.0551416804082692,0.806985740782693,0.441041947109625,0.706719029461965,0.0729097798466682,0.888067669700831,0.637357783537594
0.666097913868725,0.467645048862323,0.464883728418499,0.486710261786357,0.59693095064722,0.654798943782225,0.47895078593865,0.743747638345102
0.678262589732185,0.239263275871053,0.148647491587326,0.376164318528026,0.056937504792586,0.220723934005946,0.263885651016608,0.676455040286573
0.774970302125439,0.798624279443175,0.5848643546924,0.725689997663721,0.520324565004557,0.175262198783457,0.572811112971976,0.679153195379579
0.813790464308113,0.37458346830681,0.682659390149638,0.884758825413883,0.885309331584722,0.542480751639232,0.976960126543418,0.745587914465726
0.340154439676553,0.532165340147913,0.141868377570063,0.460550964111462,0.952123389812186,0.0896298552397639,0.691623249091208,0.64562346857233
0.625687447143719,0.148017196217552,0.404414448654279,0.442050818353891,0.635903948685154,0.853056235006079,0.577645836398005,0.758266286148037
0.921174359275028,0.776924058096483,0.44339615595527,0.560523424996063,0.955721811857074,0.202642989577726,0.0665338060352951,0.655807420617442
0.903216337785125,0.240029227919877,0.323927851393819,0.751975707011297,0.123132569948211,0.0884920191019773,0.234897319460288,0.627363147346091
0.978595092194155,0.268209836678579,0.551435503177345,0.404668205883354,0.19382081576623,0.268231308786198,0.569227595580742,0.702642448166275
0.283355046762154,0.98005163227208,0.143429505871609,0.364461514167488,0.834028060315177,0.619566477602348,0.186617921106517,0.72558290460196
0.138432407751679,0.63702732231468,0.446227270411327,0.00332817272283137,0.425489781424403,0.207447203109041,0.0842592185363173,0.659093678654816
0.959057597210631,0.680533974431455,0.872701936867088,0.514236441347748,0.685436728643253,0.781343185342848,0.807258571032435,0.759950018016945
0.0296353031881154,0.0828861612826586,0.214203200768679,0.215603579999879,0.983070095535368,0.608074886491522,0.138910748064518,0.723106273622167
0.217818765435368,0.466699412325397,0.0387419781181961,0.87558185053058,0.408452603267506,0.94854700146243,0.941041151294485,0.768639917858885
0.71050417679362,0.0267326128669083,0.974231210304424,0.645815381081775,0.547503034584224,0.953954230295494,0.18401899584569,0.744857309009489
0.986082026734948,0.945273424033076,0.13727018982172,0.263396149268374,0.849152155220509,0.216357053723186,0.964982958743349,0.697015027156686
0.349587208824232,0.697644767118618,0.125110379420221,0.360852943267673,0.273872911930084,0.901571297785267,0.994865411426872,0.767115483470307
0.733457112684846,0.258502640062943,0.567165803629905,0.467043887358159,0.448150398442522,0.553225900512189,0.586097307736054,0.740180396557902
0.284584316890687,0.129826579708606,0.129831321071833,0.574850385542959,0.932261014357209,0.931749520357698,0.926142561715096,0.767410502690881
0.624624121701345,0.0998659092001617,0.533348074182868,0.695698748808354,0.262548045953736,0.322854025987908,0.165453919675201,0.689022551231513
0.49371930398047,0.25397772481665,0.465088286437094,0.31814729468897,0.83041206584312,0.674821462947875,0.79947421560064,0.752958279394477
0.471559709636495,0.844289920292795,0.567274614935741,0.320974034955725,0.760187879903242,0.876927125267684,0.24031042912975,0.743456990927877
0.758194873575121,0.959023441188037,0.483555951854214,0.14403209136799,0.83112789131701,0.78274675575085,0.178657470969483,0.735799604398979
0.25651600654237,0.671618781751022,0.641849524108693,0.296798794763163,0.290016947314143,0.305751007515937,0.139649239601567,0.686603700516081
0.924088848987594,0.830400086473674,0.540641422383487,0.320104410406202,0.750999595737085,0.712524980306625,0.307333428878337,0.739699059722009
0.919842770788819,0.538857474923134,0.87891387892887,0.555201472248882,0.981511991936713,0.294593340484425,0.464922941988334,0.703380616022411
0.0586918161716312,0.143901172559708,0.720098948571831,0.920931779546663,0.860705503961071,0.763460713205859,0.332090337062255,0.743102626950694
0.149749470176175,0.117455807747319,0.981276350328699,0.648806233657524,0.0115178583655506,0.588023213669658,0.845380341634154,0.748311383288918
0.641954162390903,0.121864398708567,0.710801402572542,0.989212397253141,0.713339089415967,0.267934106523171,0.147930959472433,0.678973459585367
0.654714771546423,0.0786472086329013,0.143380123889074,0.706204481888562,0.22920346679166,0.260045306989923,0.136988705256954,0.676544784774453
0.00950686330907047,0.728595704538748,0.633501378586516,0.445878966711462,0.0625317709054798,0.635880547342822,0.391641376074404,0.736452089552589
0.640403694473207,0.499805224826559,0.785157470032573,0.991579448804259,0.0276875991839916,0.785406666342169,0.255921533564106,0.739419203047082
0.367174280807376,0.547047110740095,0.122695108875632,0.511352684115991,0.0525437998585403,0.866771978326142,0.390600043348968,0.751753360970552
0.3248350918293,0.744658512528986,0.433703768998384,0.855331704951823,0.435072760563344,0.504761859541759,0.992755405604839,0.742464518771384
0.190785128623247,0.0989260941278189,0.206293254392222,0.820704025216401,0.402373446617275,0.0306401196867228,0.161829229677096,0.585751591091598
0.464815944200382,0.212098161457106,0.809857700252905,0.319475422380492,0.12283917539753,0.231728027341887,0.414562803693116,0.690059901566219
0.835970405489206,0.430142296478152,0.295351243112236,0.849346053320915,0.670161920599639,0.750277706421912,0.472019708249718,0.749922618430005
0.653519113082439,0.710975658614188,0.662301263539121,0.45120107056573,0.582094281679019,0.286914581665769,0.452239652862772,0.702262554415765
0.0704169061500579,0.372421802487224,0.984874655026942,0.978692017495632,0.187705009942874,0.871606902219355,0.521228214260191,0.756780097122678
0.691552262753248,0.830513948109001,0.26860018610023,0.979816617676988,0.727861504536122,0.456184409558773,0.704133193707094,0.732431591466978
0.0768034188076854,0.0994691245723516,0.504968245513737,0.366744276368991,0.779642394278198,0.175568175967783,0.610204099910334,0.678901018611271
0.83630264014937,0.330035749822855,0.250800523441285,0.539773928932846,0.299942203331739,0.91310178488493,0.781948499381542,0.764680230193485
0.191763112787157,0.0358006355818361,0.779585790354759,0.862799039809033,0.411767996149138,0.465912940679118,0.187464403687045,0.712922880795574
0.680464777396992,0.19457220309414,0.138925390318036,0.587404247839004,0.390124794095755,0.00467635854147375,0.717805674532428,0.581127213396091
0.712859391933307,0.998479341156781,0.437909699743614,0.655136336805299,0.989064592402428,0.974592331564054,0.534157237736508,0.761183898230005
0.676636271877214,0.647539152065292,0.0293961041606963,0.2938173240982,0.0849425026681274,0.987569784047082,0.944022715324536,0.769306778205887
0.0113850717898458,0.812589196488261,0.145865035476163,0.2746365389321,0.513175886822864,0.783628995530307,0.282945288112387,0.739809274416001
0.41784690041095,0.918620693264529,0.770427463576198,0.475107491482049,0.182031134841964,0.67837872589007,0.559559582965448,0.748147495542938
0.667939279926941,0.689516767160967,0.444476269651204,0.976232681656256,0.692144691944122,0.0109198384452611,0.884666460100561,0.588864494897352
0.123603926273063,0.395177212543786,0.908858853625134,0.792474135989323,0.00823926646262407,0.881807130295783,0.832505321130157,0.764142798200413
0.0395944693591446,0.354338350240141,0.41832066513598,0.50619894778356,0.755259580444545,0.834963824367151,0.798824158031493,0.76138327272826
0.278109744424,0.351539556635544,0.567526768427342,0.24208882288076,0.343690505484119,0.461849665269256,0.263285619905218,0.715949053571009
0.114333176519722,0.545767621835694,0.543399700894952,0.404632170218974,0.0283119068481028,0.963074297644198,0.834395917365327,0.767034446556591
0.816399703733623,0.023714765207842,0.6932676830329,0.742472918704152,0.330643644090742,0.914081473369151,0.729952175403014,0.763818115069562
0.815527634462342,0.640008680988103,0.562826175009832,0.702326613944024,0.0929040687624365,0.740123684518039,0.632616881281137,0.75364387228387
0.868535050656646,0.680237526539713,0.856043202336878,0.367092135129496,0.0166843545157462,0.425237853312865,0.801271975971758,0.732228647249299
0.291468059876934,0.530775392660871,0.952095424989238,0.103053389117122,0.65029424848035,0.209185665240511,0.133991260547191,0.664098452571096
0.804571677697822,0.480796263320372,0.348867320688441,0.936357798054814,0.260185788851231,0.15795076568611,0.767844830872491,0.676193934589636
0.738679173635319,0.471477626590058,0.304772768868133,0.666383088333532,0.643134321318939,0.683534800773486,0.357626053504646,0.739800397146705
0.403813100187108,0.527924575610086,0.938413320574909,0.313219394534826,0.618362233275548,0.60228240233846,0.926333722192794,0.750158027547122
0.597516092238948,0.689855562755838,0.416029210900888,0.341553880367428,0.460348773282021,0.215466488152742,0.191406936384737,0.670908444059694
0.146781022194773,0.293117462890223,0.705388913862407,0.0496036855038255,0.0402143024839461,0.14346397574991,0.139249585336074,0.644390542357265
0.596434391336516,0.0286765412893146,0.873069009743631,0.6852531589102,0.142851991578937,0.984508158173412,0.922942682402208,0.769840339064697
0.223755416460335,0.815547918202356,0.109058131463826,0.112991484347731,0.999482525512576,0.0751854570116848,0.162305322708562,0.615711742530163
0.292449664790183,0.395564472768456,0.607381927780807,0.260046967305243,0.942499618977308,0.292837951332331,0.885172643931583,0.713081921403617
0.575047722319141,0.944136320613325,0.834483414655551,0.427324383752421,0.996368390740827,0.190455704461783,0.0386008736677468,0.647689341515931
0.942135977791622,0.456833079690114,0.298916295636445,0.401936067966744,0.375793118262663,0.137523734010756,0.463202486746013,0.662199543572832
0.17543607740663,0.494961404241621,0.322155344532803,0.665930749382824,0.203128082444891,0.0553739953320473,0.909160382580012,0.626773448175202
0.80576497502625,0.455565307289362,0.0993996213655919,0.64395050611347,0.942428651032969,0.746803039452061,0.698621599003673,0.755895198155834
0.798067558789626,0.429240281460807,0.377060150029138,0.312874566530809,0.699433450121433,0.955061881802976,0.547223549103364,0.760335668208134
0.643261325545609,0.692672764183953,0.321562667144462,0.34023002278991,0.412697385298088,0.0631006774492562,0.671574057545513,0.629843368194015
0.764128192560747,0.0677396422252059,0.0295132431201637,0.731103058438748,0.942882028175518,0.528518351027742,0.0736053760629147,0.708070805658496
0.176678528776392,0.859699324704707,0.153710131300613,0.0993727464228868,0.4845701076556,0.738403203897178,0.718581947963685,0.755952603044026
0.997175672324374,0.992397729773074,0.254909839713946,0.00747261592186987,0.469428413314745,0.632496585603803,0.354665088700131,0.737994110031635
0.72695570695214,0.867918916512281,0.0923024073708802,0.882432396523654,0.326009659096599,0.0678544237744063,0.612842020345852,0.631759399528046
0.824423783458769,0.963516018586233,0.250665957573801,0.915983848739415,0.0141636680345982,0.490890799555928,0.930508226621896,0.740555997925761
0.733954157913104,0.265857489546761,0.577510213013738,0.157759237335995,0.30584652046673,0.711149392882362,0.298798987641931,0.739196230028316
0.965873983455822,0.648711834102869,0.848670593928546,0.578241438372061,0.818591786548495,0.134163245093077,0.265713210450485,0.650198591456598
0.0233986952807754,0.78938312549144,0.84425961994566,0.353983821114525,0.512412429554388,0.628157780040056,0.608516796957701,0.746277076299464
0.539568315958604,0.99181771161966,0.945737687638029,0.522221149178222,0.442283604759723,0.272656519664451,0.616020908812061,0.704428813670153
0.736820874968544,0.178577734855935,0.74032894638367,0.286608214257285,0.287433139747009,0.620432510273531,0.575569780543447,0.744961308011081
0.969929219223559,0.801330232061446,0.994315525749698,0.955805708887056,0.545789119321853,0.957762693520635,0.00139447348192334,0.72585217094139
0.0714418792631477,0.194588512415066,0.658550708321854,0.159732139902189,0.00275510386563838,0.363417660351843,0.0276363629382104,0.681837046095483
0.559724615421146,0.883647784823552,0.193047423614189,0.000584471737965941,0.15987027133815,0.0693033896386623,0.791305886115879,0.635984323910879
0.0140170643571764,0.913776295725256,0.732748043723404,0.661894543096423,0.23154239077121,0.65838307980448,0.249194276286289,0.731597595782693
0.265049828914925,0.526766848750412,0.274924752535298,0.717962005408481,0.919383087428287,0.00367370853200555,0.527282841736451,0.576188017212916
0.892738335533068,0.534632114693522,0.520106400130317,0.451157849514857,0.862545066513121,0.61562060052529,0.791139645734802,0.748772636340078
0.193167407764122,0.222839923109859,0.31297097960487,0.477893593488261,0.534930150257424,0.113518382655457,0.907736492343247,0.660116749129048
0.209004232194275,0.698664554394782,0.504439357435331,0.419376996345818,0.276283457875252,0.956027531065047,0.434875977924094,0.757104896083547
0.223188965581357,0.540526270400733,0.784860503161326,0.122815674636513,0.969874673523009,0.497886362718418,0.684105389518663,0.738375322458021
0.758517978712916,0.753293970832601,0.752081752987579,0.425777280470356,0.282287566224113,0.729421444702893,0.879184805322438,0.757906514030083
0.752067536814138,0.922483041416854,0.354492620332167,0.473619341850281,0.415052982978523,0.941216468112543,0.912066288292408,0.768122742287903
0.333245646674186,0.743803288787603,0.355952766956761,0.943486714269966,0.0949402872938663,0.789479932514951,0.424217325169593,0.749722407066642
0.474503235658631,0.61572905885987,0.444634116487578,0.894430631538853,0.714819425716996,0.432113686343655,0.142906572436914,0.703052851104659
0.658524066675454,0.203014319296926,0.752592387376353,0.290194108150899,0.551203775918111,0.420981479343027,0.23230067268014,0.709484120248131
0.0897728656418622,0.79394575022161,0.470905463444069,0.461381046101451,0.236745362635702,0.91453819279559,0.288441035663709,0.748400422550336
0.190662418026477,0.244999296497554,0.68728654505685,0.979691055137664,0.332516503054649,0.871420597424731,0.097782066790387,0.734850474122607
0.824370549526066,0.021210289793089,0.0918018769007176,0.209650678792968,0.575157126877457,0.142470424529165,0.667791411047801,0.670230716433573
0.14197056228295,0.632786631816998,0.426332590170205,0.753266547108069,0.00092984177172184,0.550632000667974,0.0856713184621185,0.712508108674079
0.823046567384154,0.876752368174493,0.463183129904792,0.361648842459545,0.874153210548684,0.0816100703086704,0.728019470116124,0.642563963423584
0.625561778433621,0.786915221484378,0.355996779166162,0.843015569029376,0.895417926833034,0.895351737039164,0.863701615249738,0.76528990253138
0.099298031302169,0.397215768694878,0.987496974878013,0.760570851154625,0.603478277800605,0.761067513376474,0.328848251374438,0.743661220446241
0.525309517746791,0.918131440645084,0.160093026002869,0.591906151268631,0.381494195898995,0.0121883244719356,0.809548484627157,0.588583458944416
0.649597374722362,0.658210614928976,0.602223971392959,0.0632092610467225,0.108840144472197,0.187709730817005,0.314839055063203,0.671126694936037
0.145569134969264,0.0931987275835127,0.668320481898263,0.989426414482296,0.547968574101105,0.417610535863787,0.216607735492289,0.708129554475021
0.218776083551347,0.700293676694855,0.832712624687701,0.371996835339814,0.483376898337156,0.484409521101043,0.936455003218725,0.74003336042344
0.180699155898765,0.260475573595613,0.301628848072141,0.992153544677421,0.57675071596168,0.80866745649837,0.883120026672259,0.762487757584911
0.86132866400294,0.971180844353512,0.78902134206146,0.981116256909445,0.537244371138513,0.196348191937432,0.678119598422199,0.687955281020025
0.950055449502543,0.119586527114734,0.232209952780977,0.0627692372072488,0.114233490312472,0.0409958567470312,0.269642481580377,0.601178593449824
0.899145918898284,0.145758673315868,0.559679423226044,0.0895022293552756,0.179126024711877,0.746773796854541,0.599620475433767,0.753047939039628
0.711884580785409,0.988417977467179,0.293629415566102,0.92100596241653,0.0497279269620776,0.37090742890723,0.607663005124778,0.720698763939037
0.237422642996535,0.831516667502001,0.0259420941583812,0.450746336951852,0.289134528953582,0.301722024800256,0.542213652282953,0.708134669368692
0.0427646744064987,0.888749322155491,0.885382805252448,0.30489883152768,0.769330583279952,0.492844752967358,0.747276040492579,0.737997032515861
0.219523605890572,0.555527086369693,0.323535682633519,0.226673191878945,0.826939051272348,0.913033711956814,0.259170096367598,0.747482122955363
0.518926327582449,0.774412186816335,0.64817837649025,0.720295194536448,0.768107380950823,0.17401389661245,0.761062949663028,0.68279734230584
0.203302431851625,0.501852090237662,0.938912152545527,0.629967632703483,0.0360658098943532,0.0855751866474748,0.814727823715657,0.646131456479876
0.731315209064633,0.653106685960665,0.0017898001242429,0.704208842013031,0.715106844436377,0.119882093276829,0.553606921574101,0.656717212805192
0.201000715373084,0.68476922926493,0.895390723831952,0.800396559061483,0.279619025997818,0.250502055045217,0.48262815666385,0.694968422239452
0.952719915891066,0.888890726491809,0.932815467473119,0.418921461561695,0.785783219151199,0.342779622180387,0.0119272114243358,0.676693817220498
0.200451082317159,0.00338187767192721,0.510347503470257,0.286543279886246,0.564879501238465,0.0259753081481904,0.943753547267988,0.602851758406
0.120885068317875,0.443790589692071,0.487613152246922,0.265860556159168,0.04299036716111,0.093921756837517,0.31505871633999,0.633794220609368
0.688536340836436,0.21762315207161,0.871007633628324,0.355085319140926,0.249903121730313,0.0147352835629135,0.213507215725258,0.576901827487891
0.932896778918803,0.347961655119434,0.788749806117266,0.968248757068068,0.325702366884798,0.551714998437092,0.530191863654181,0.737803010366411
0.652252207277343,0.736716810846701,0.269475588575006,0.947402951074764,0.474500151583925,0.854158699279651,0.587286475813016,0.758379254847467
0.929753023665398,0.803404671372846,0.655193045502529,0.0844169314950705,0.260090157622471,0.29823638102971,0.0276158230844885,0.672754772816813
0.644209669902921,0.56361822434701,0.345941098406911,0.0806375741958618,0.781188817229122,0.940108100418001,0.471501861931756,0.759243508175653
0.829918343573809,0.505972841987386,0.910115935374051,0.984844330931082,0.105527888750657,0.400431471643969,0.303468338446692,0.710835370122995
0.742335250601172,0.594824880594388,0.664062272757292,0.967817127238959,0.827702847542241,0.124379722168669,0.942513784393668,0.665162167916924
0.449331576935947,0.533560774521902,0.710761954309419,0.390294065698981,0.0683543756604195,0.370417522266507,0.606817894382402,0.721046391776358
0.0701432239729911,0.0308667866047472,0.362124861683697,0.4195372373797,0.333335623843595,0.221065972931683,0.388901575701311,0.685079089181025
0.0801498079672456,0.0585635190363973,0.80802494334057,0.184736398747191,0.0277354118879884,0.901000568876043,0.529450440080836,0.758052149985242
0.0356706464663148,0.0746533488854766,0.285043123411015,0.151913954410702,0.0327791231684387,0.163228790508583,0.856579192448407,0.679416882771193
0.786821726709604,0.0450310206506401,0.939265495399013,0.28249915712513,0.510184936225414,0.548860153416172,0.457483606413007,0.735736992896678
0.549559162463993,0.734469985589385,0.586589022539556,0.618185537634417,0.125670328736305,0.861406608484685,0.473696693778038,0.756528346313539
0.446780774276704,0.717908025020733,0.522442056098953,0.515638055745512,0.539772746153176,0.321049388963729,0.780765886418521,0.71571412888236
0.865614023990929,0.348438350483775,0.542681358056143,0.847534922184423,0.689501390792429,0.164326228201389,0.271319121588022,0.661870909364241
0.611774999182671,0.31041968241334,0.517585012130439,0.0175805871840566,0.162636772263795,0.13937636394985,0.554103072267026,0.66666401407478
0.0805929945781827,0.462390633998439,0.428857449209318,0.496732365107164,0.162708765594289,0.599193435395136,0.448751203017309,0.738300078610118
0.836687004193664,0.912865130696446,0.705170263070613,0.112899136263877,0.0777105866000056,0.665306464536116,0.699943430256099,0.751033849107389
0.916245997883379,0.366668900707737,0.801864664535969,0.786059660138562,0.12261125491932,0.516498662764207,0.0349868454504758,0.702257311999211
0.904668987262994,0.964235846651718,0.471215869300067,0.0419553609099239,0.137326860101894,0.232765623833984,0.0882807732559741,0.665256592529674
0.349928961368278,0.637725313426927,0.45222477754578,0.285763876046985,0.014064715243876,0.739655593177304,0.763867390109226,0.75634809409366
0.0610419679433107,0.16574356937781,0.298080449225381,0.867617484647781,0.571437321836129,0.789319771807641,0.497855243040249,0.75302578114354
0.409577738959342,0.336550109554082,0.450953502440825,0.201180730713531,0.820265109185129,0.886586827225983,0.391371550969779,0.753017314933068
0.195498749148101,0.380213935161009,0.164349389029667,0.545726948650554,0.379199074115604,0.142228528857231,0.383648385759443,0.660033696335945
0.431996070081368,0.523314617807046,0.347328599309549,0.517386962193996,0.748310992727056,0.17196385236457,0.533792888512835,0.67585843308884
0.316836806712672,0.099036340136081,0.349398487247527,0.940042377915233,0.471061813179404,0.840515417046845,0.51419178256765,0.755545581909196
0.524805324152112,0.0263293101452291,0.0344250602647662,0.108983983518556,0.796140205347911,0.220602808520198,0.882509122369811,0.697901848820406
0.496636001160368,0.816404117271304,0.945271514821798,0.998163374140859,0.900609872303903,0.208076176699251,0.230991053627804,0.66982116359619
0.281802733661607,0.343168458435684,0.380568352062255,0.462287129834294,0.730053949635476,0.809640689287335,0.437784408917651,0.751144971363655
0.279651274206117,0.579381258692592,0.992665323894471,0.0410985327325761,0.0763097158633173,0.666947878198698,0.00689250766299665,0.710621697551128
0.617400838294998,0.638880885671824,0.444639277411625,0.0807034075260162,0.85409215465188,0.163209023885429,0.795787991257384,0.678944787624398
0.310921213123947,0.489321863744408,0.0132637177594006,0.950918079353869,0.257691163569689,0.92765890294686,0.642166018718854,0.761681289912275
0.537753094220534,0.555373113369569,0.0217104433104396,0.414355357876047,0.00223542493768036,0.158824575599283,0.613362468546256,0.674561347963103
0.15347668947652,0.25942564336583,0.568291958654299,0.280308990506455,0.852056444622576,0.0993602583184838,0.739350138930604,0.652334253696349
0.128443331923336,0.232338200323284,0.398139249300584,0.980460130143911,0.341883380198851,0.929476031800732,0.574399452423677,0.761475589452064
0.187654377426952,0.485028666676953,0.110016875667498,0.973696185508743,0.131766324164346,0.652305726194754,0.0438749380409718,0.713494085695269
0.708316939882934,0.137405718443915,0.226904102601111,0.792859365930781,0.142980135278776,0.881704057333991,0.868784865597263,0.765336848388283
0.277451823232695,0.158660628832877,0.74593865708448,0.703597543295473,0.6807243200019,0.282842671498656,0.235825156560168,0.687156557375634
0.826373643008992,0.364012261386961,0.489813231630251,0.895552065921947,0.511773662175983,0.162695472128689,0.293937687529251,0.66288836234073
0.0769514453131706,0.833380150608718,0.787471335381269,0.989669175352901,0.43545952392742,0.334231131942943,0.45597368106246,0.710457991039828
0.208906686166301,0.362022808985785,0.323154689511284,0.919209048384801,0.0059818597510457,0.32617760472931,0.916405766038224,0.719199782596163
0.913212073268369,0.667514438740909,0.718401708174497,0.911393784219399,0.23150287847966,0.279643519548699,0.910387960262597,0.710144708187183
0.696924469200894,0.103258456103504,0.332926467293873,0.668446600204334,0.469670206308365,0.182801029877737,0.371687894687057,0.673265467786039
0.609754848992452,0.0260113254189491,0.653811250580475,0.100915685296059,0.9826567589771,0.453273102873936,0.398109225323424,0.723362816603667
0.942974464967847,0.69884230196476,0.695187811739743,0.17867721687071,0.0741897805128247,0.336940868292004,0.422250412637368,0.708905887540474
0.340583518380299,0.575590640073642,0.971461039735004,0.55886782775633,0.629778966773301,0.985207689926028,0.734338118694723,0.76618482082254
0.996434724191204,0.145845965947956,0.409257780294865,0.0782946206163615,0.100968971615657,0.00783933512866497,0.801819702377543,0.582897807823749
0.528255847049877,0.118072423851117,0.6481141615659,0.873659740900621,0.411590577568859,0.193271128460765,0.557544376235455,0.684518346605576
0.0389043549075723,0.20460418658331,0.766565486323088,0.47139901900664,0.027448124717921,0.89056230825372,0.680005452595651,0.762407461994592
0.0230724567081779,0.603679492371157,0.810683919815347,0.0758365897927433,0.594249614048749,0.236121804220602,0.562427442753688,0.695410890097882
0.296865038806573,0.28199882642366,0.85086755733937,0.590876812115312,0.224548064172268,0.529513789108023,0.68115701386705,0.739514866653368
0.852730595972389,0.541264590574428,0.615582487313077,0.318224256159738,0.660006331745535,0.108449861872941,0.641944438684732,0.653962977708845
0.477804320864379,0.215189161943272,0.0147995138540864,0.933752465061843,0.149475267389789,0.241554681677371,0.627157657872885,0.698026243739313
0.829690316226333,0.332166083622724,0.991652783472091,0.282820248045027,0.25621032086201,0.564348868094385,0.644021383952349,0.741311007935293
0.108155423309654,0.783686778275296,0.309071535710245,0.468016914790496,0.198184557259083,0.551610200665891,0.92295575235039,0.7464412505615
0.933150763157755,0.953995282528922,0.0480169041547924,0.25628666463308,0.697020371444523,0.631968911970034,0.352659417083487,0.73784380756904
0.988089040620252,0.325908519327641,0.494082803605124,0.712068813154474,0.764687374699861,0.762468903325498,0.553123415447772,0.752848186587547
0.614262900315225,0.176257292274386,0.898934500990435,0.605313510866836,0.203618856379762,0.431734278099611,0.0107991064433008,0.688597344247151
